Category,Setting,URI,File
Accounts,Access work or school,ms-settings:workplace,Accounts - Access work or school.url
Accounts,Email & app accounts,ms-settings:emailandaccounts,Accounts - Email & app accounts.url
Accounts,Family & other people,ms-settings:otherusers,Accounts - Family & other people.url
Accounts,Set up a kiosk,ms-settings:assignedaccess,Accounts - Set up a kiosk.url
Accounts,Sign-in options,ms-settings:signinoptions,Accounts - Sign-in options.url
Accounts,Sync your settings,ms-settings:sync,Accounts - Sync your settings.url
Accounts,Windows Hello setup,ms-settings:signinoptions-launchfaceenrollment,Accounts - Windows Hello setup.url
Accounts,Your info,ms-settings:yourinfo,Accounts - Your info.url
Apps,Apps & Features,ms-settings:appsfeatures,Apps - Apps & Features.url
Apps,Apps for websites,ms-settings:appsforwebsites,Apps - Apps for websites.url
Apps,Default apps,ms-settings:defaultapps,Apps - Default apps.url
Apps,Manage optional features,ms-settings:optionalfeatures,Apps - Manage optional features.url
Apps,Offline Maps,ms-settings:maps,Apps - Offline Maps.url
Apps,Startup apps,ms-settings:startupapps,Apps - Startup apps.url
Apps,Video playback,ms-settings:videoplayback,Apps - Video playback.url
Control Center,Control center,ms-settings:controlcenter,Control Center - Control center.url
Cortana,Cortana across my devices,ms-settings:cortana-notifications,Cortana - Cortana across my devices.url
Cortana,More details,ms-settings:cortana-moredetails,Cortana - More details.url
Cortana,Permissions & History,ms-settings:cortana-permissions,Cortana - Permissions & History.url
Cortana,Searching Windows,ms-settings:cortana-windowssearch,Cortana - Searching Windows.url
Cortana,Talk to Cortana,ms-settings:cortana,Cortana - Talk to Cortana.url
Devices,AutoPlay,ms-settings:autoplay,Devices - AutoPlay.url
Devices,Bluetooth,ms-settings:bluetooth,Devices - Bluetooth.url
Devices,Connected Devices,ms-set,Devices - Connected Devices.url
Devices,Camera settings,ms-settings:camera,Devices - Camera settings.url
Devices,Mouse & touchpad,ms-settings:mousetouchpad,Devices - Mouse & touchpad.url
Devices,Pen & Windows Ink,ms-settings:pen,Devices - Pen & Windows Ink.url
Devices,Printers & scanners,ms-settings:printers,Devices - Printers & scanners.url
Devices,Touch,ms-settings:devices-touch,Devices - Touch.url
Devices,Touchpad,ms-settings:devices-touchpad,Devices - Touchpad.url
Devices,Text Suggestions,ms-settings:devicestyping-hwkbtextsuggestions,Devices - Text Suggestions.url
Devices,Typing,ms-settings:typing,Devices - Typing.url
Devices,USB,ms-settings:usb,Devices - USB.url
Devices,Wheel,ms-settings:wheel,Devices - Wheel.url
Devices,Your phone,ms-settings:mobile-devices,Devices - Your phone.url
Ease Of Access,Display,ms-settings:easeofaccess-display,Ease Of Access - Display.url
Ease Of Access,Eye control,ms-settings:easeofaccess-eyecontrol,Ease Of Access - Eye control.url
Ease Of Access,Fonts,ms-settings:fonts,Ease Of Access - Fonts.url
Ease Of Access,High contrast,ms-settings:easeofaccess-highcontrast,Ease Of Access - High contrast.url
Ease Of Access,Keyboard,ms-settings:easeofaccess-keyboard,Ease Of Access - Keyboard.url
Ease Of Access,Magnifier,ms-settings:easeofaccess-magnifier,Ease Of Access - Magnifier.url
Ease Of Access,Mouse,ms-settings:easeofaccess-mouse,Ease Of Access - Mouse.url
Ease Of Access,Mouse pointer & touch,ms-settings:easeofaccess-mousepointer,Ease Of Access - Mouse pointer & touch.url
Ease Of Access,Narrator,ms-settings:easeofaccess-narrator,Ease Of Access - Narrator.url
Ease Of Access,Color filters,ms-settings:easeofaccess-colorfilte,Ease Of Access - Color filters.url
Ease Of Access,Speech,ms-settings:easeofaccess-speechrecognition,Ease Of Access - Speech.url
Ease Of Access,Text cursor,ms-settings:easeofaccess-cursor,Ease Of Access - Text cursor.url
Ease Of Access,Visual Effects,ms-settings:easeofaccess-visualeffects,Ease Of Access - Visual Effects.url
Ease Of Access,Audio,ms-settings:easeofaccess-audio,Ease Of Access - Audio.url
Ease Of Access,Closed captions,ms-settings:easeofaccess-closedcaptioning,Ease Of Access - Closed captions.url
Extras,Extras,ms-settings:extras,Extras - Extras.url
Family,Family,ms-settings:family-group,Family - Family.url
Gaming,Game bar,ms-settings:gaming-gamebar,Gaming - Game bar.url
Gaming,Game DVR,ms-settings:gaming-gamedvr,Gaming - Game DVR.url
Gaming,Game Mode,ms-settings:gaming-gamemode,Gaming - Game Mode.url
Gaming,Playing a game full screen,ms-settings:quietmomentsgame,Gaming - Playing a game full screen.url
Mixed Reality,Audio and speech,ms-settings:holographic-audio,Mixed Reality - Audio and speech.url
Mixed Reality,Environment,ms-settings:privacy-holographic-environment,Mixed Reality - Environment.url
Mixed Reality,Headset display,ms-settings:holographic-headset,Mixed Reality - Headset display.url
Mixed Reality,Uninstall,ms-settings:holographic-management,Mixed Reality - Uninstall.url
Mixed Reality,Startup and desktop,ms-settings:holographic-startupandesktop,Mixed Reality - Startup and desktop.url
Network & Internet,Network & internet,ms-settings:network-status,Network & Internet - Network & internet.url
Network & Internet,Advanced settings,ms-settings:network-advancedsettings,Network & Internet - Advanced settings.url
Network & Internet,Airplane mode,ms-settings:network-airplanemode,Network & Internet - Airplane mode.url
Network & Internet,Cellular & SIM,ms-settings:network-cellular,Network & Internet - Cellular & SIM.url
Network & Internet,Dial-up,ms-settings:network-dialup,Network & Internet - Dial-up.url
Network & Internet,DirectAccess,ms-settings:network-directaccess,Network & Internet - DirectAccess.url
Network & Internet,Ethernet,ms-settings:network-ethernet,Network & Internet - Ethernet.url
Network & Internet,Manage known networks,ms-settings:network-wifisettings,Network & Internet - Manage known networks.url
Network & Internet,Mobile hotspot,ms-settings:network-mobilehotspot,Network & Internet - Mobile hotspot.url
Network & Internet,Proxy,ms-settings:network-proxy,Network & Internet - Proxy.url
Network & Internet,VPN,ms-settings:network-vpn,Network & Internet - VPN.url
Network & Internet,Wi-Fi,ms-settings:network-wifi,Network & Internet - Wi-Fi.url
Network & Internet,Wi-Fi provisioning,ms-settings:wifi-provisioning,Network & Internet - Wi-Fi provisioning.url
Personalization,Background,ms-settings:personalization-background,Personalization - Background.url
Personalization,Choose which folders appear on Start,ms-settings:personalization-start-places,Personalization - Choose which folders appear on Start.url
Personalization,Colors,ms-settings:colors,Personalization - Colors.url
Personalization,Lock screen,ms-settings:lockscreen,Personalization - Lock screen.url
Personalization,Personalization (category),ms-settings:personalization,Personalization - Personalization (category).url
Personalization,Start,ms-settings:personalization-start,Personalization - Start.url
Personalization,Taskbar,ms-settings:taskbar,Personalization - Taskbar.url
Personalization,Touch Keyboard,ms-settings:personalization-touchkeyboard,Personalization - Touch Keyboard.url
Personalization,Themes,ms-settings:themes,Personalization - Themes.url
Phone,Your phone,ms-settings:mobile-devices,Phone - Your phone.url
Phone,Device Usage,ms-settings:deviceusage,Phone - Device Usage.url
Privacy,Account info,ms-settings:privacy-accountinfo,Privacy - Account info.url
Privacy,Activity history,ms-settings:privacy-activityhistory,Privacy - Activity history.url
Privacy,App diagnostics,ms-settings:privacy-appdiagnostics,Privacy - App diagnostics.url
Privacy,Automatic file downloads,ms-settings:privacy-automaticfiledownloads,Privacy - Automatic file downloads.url
Privacy,Background Apps,ms-settings:privacy-backgroundapps,Privacy - Background Apps.url
Privacy,Background Spatial Perception,ms-settings:privacy-backgroundspatialperception,Privacy - Background Spatial Perception.url
Privacy,Calendar,ms-settings:privacy-calendar,Privacy - Calendar.url
Privacy,Call history,ms-settings:privacy-callhistory,Privacy - Call history.url
Privacy,Camera,ms-settings:privacy-webcam,Privacy - Camera.url
Privacy,Contacts,ms-settings:privacy-contacts,Privacy - Contacts.url
Privacy,Documents,ms-settings:privacy-documents,Privacy - Documents.url
Privacy,Downloads folder,ms-settings:privacy-downloadsfolder,Privacy - Downloads folder.url
Privacy,Email,ms-settings:privacy-email,Privacy - Email.url
Privacy,Eye tracker,ms-settings:privacy-eyetracker (requires eyetracker hardware),Privacy - Eye tracker.url
Privacy,Feedback & diagnostics,ms-settings:privacy-feedback,Privacy - Feedback & diagnostics.url
Privacy,File system,ms-settings:privacy-broadfilesystemaccess,Privacy - File system.url
Privacy,General,ms-settings:privacy,Privacy - General.url
Privacy,General,ms-settings:privacy-general,Privacy - General (1).url
Privacy,Graphics,ms-settings:privacy-graphicscaptureprogrammatic,Privacy - Graphics.url
Privacy,Inking & typing,ms-settings:privacy-speechtyping,Privacy - Inking & typing.url
Privacy,Location,ms-settings:privacy-location,Privacy - Location.url
Privacy,Messaging,ms-settings:privacy-messaging,Privacy - Messaging.url
Privacy,Microphone,ms-settings:privacy-microphone,Privacy - Microphone.url
Privacy,Motion,ms-settings:privacy-motion,Privacy - Motion.url
Privacy,Music Library,ms-settings:privacy-musiclibrary,Privacy - Music Library.url
Privacy,Notifications,ms-settings:privacy-notifications,Privacy - Notifications.url
Privacy,Other devices,ms-settings:privacy-customdevices,Privacy - Other devices.url
Privacy,Phone calls,ms-settings:privacy-phonecalls,Privacy - Phone calls.url
Privacy,Pictures,ms-settings:privacy-pictures,Privacy - Pictures.url
Privacy,Radios,ms-settings:privacy-radios,Privacy - Radios.url
Privacy,Speech,ms-settings:privacy-speech,Privacy - Speech.url
Privacy,Tasks,ms-settings:privacy-tasks,Privacy - Tasks.url
Privacy,Videos,ms-settings:privacy-videos,Privacy - Videos.url
Privacy,Voice activation,ms-settings:privacy-voice,Privacy - Voice activation.url
Search,Search,ms-settings:search,Search - Search.url
Search,Search more details,ms-settings:search-moredetails,Search - Search more details.url
Search,Search Permissions,ms-settings:search-permissions,Search - Search Permissions.url
Surface Hub,Accounts,ms-settings:surfacehub-accounts,Surface Hub - Accounts.url
Surface Hub,Session cleanup,ms-settings:surfacehub-sessioncleanup,Surface Hub - Session cleanup.url
Surface Hub,Team Conferencing,ms-settings:surfacehub-calling,Surface Hub - Team Conferencing.url
Surface Hub,Team device management,ms-settings:surfacehub-devicemanagenent,Surface Hub - Team device management.url
Surface Hub,Welcome screen,ms-settings:surfacehub-welcome,Surface Hub - Welcome screen.url
System,About,ms-settings:about,System - About.url
System,Advanced display settings,ms-settings:display-advanced,System - Advanced display settings.url
System,App volume and device preferences,ms-settings:apps-volume,System - App volume and device preferences.url
System,Battery Saver,ms-settings:batterysaver,System - Battery Saver.url
System,Battery Saver settings,ms-settings:batterysaver-settings,System - Battery Saver settings.url
System,Battery use,ms-settings:batterysaver-usagedetails,System - Battery use.url
System,Clipboard,ms-settings:clipboard,System - Clipboard.url
System,Display,ms-settings:display,System - Display.url
System,Default Save Locations,ms-settings:savelocations,System - Default Save Locations.url
System,Display,ms-settings:screenrotation,System - Display (1).url
System,Duplicating my display,ms-settings:quietmomentspresentation,System - Duplicating my display.url
System,During these hours,ms-settings:quietmomentsscheduled,System - During these hours.url
System,Encryption,ms-settings:deviceencryption,System - Encryption.url
System,Energy recommendatations,ms-settings:energyrecommendations,System - Energy recommendatations.url
System,Focus assist,ms-settings:quiethours,System - Focus assist.url
System,Graphics Settings,ms-settings:display-advancedgraphic,System - Graphics Settings.url
System,Graphics Default Settings,ms-settings:display-advancedgraphics-default,System - Graphics Default Settings.url
System,Multitasking,ms-settings:multitasking,System - Multitasking.url
System,Night light settings,ms-settings:nightlight,System - Night light settings.url
System,Projecting to this PC,ms-settings:project,System - Projecting to this PC.url
System,Shared experiences,ms-settings:crossdevice,System - Shared experiences.url
System,Taskbar,ms-settings:taskbar,System - Taskbar.url
System,Notifications & actions,ms-settings:notifications,System - Notifications & actions.url
System,Remote Desktop,ms-settings:remotedesktop,System - Remote Desktop.url
System,Power & sleep,ms-settings:powersleep,System - Power & sleep.url
System,Presence sensing,ms-settings:presence,System - Presence sensing.url
System,Sound,ms-settings:sound,System - Sound.url
System,Sound devices,ms-settings:sound-devices,System - Sound devices.url
System,Storage,ms-settings:storagesense,System - Storage.url
System,Storage Sense,ms-settings:storagepolicies,System - Storage Sense.url
System,Storage recommendations,ms-settings:storagerecommendations,System - Storage recommendations.url
System,Disks & volumes,ms-settings:disksandvolumes,System - Disks & volumes.url
Time & Language,Date & time,ms-settings:dateandtime,Time & Language - Date & time.url
Time & Language,Region,ms-settings:regionformatting,Time & Language - Region.url
Time & Language,Language,ms-settings:keyboard,Time & Language - Language.url
Time & Language,Speech,ms-settings:speech,Time & Language - Speech.url
Time & Language,Add display language,ms-settings:regionlanguage-adddisplaylanguage,Time & Language - Add display language.url
Time & Language,Language options,ms-settings:regionlanguage-languageoptions,Time & Language - Language options.url
Time & Language,Set display language,ms-settings:regionlanguage-setdisplaylanguage,Time & Language - Set display language.url
Update & Security,Activation,ms-settings:activation,Update & Security - Activation.url
Update & Security,Backup,ms-settings:backup,Update & Security - Backup.url
Update & Security,Delivery Optimization,ms-settings:delivery-optimization,Update & Security - Delivery Optimization.url
Update & Security,Find My Device,ms-settings:findmydevice,Update & Security - Find My Device.url
Update & Security,For developers,ms-settings:developers,Update & Security - For developers.url
Update & Security,Recovery,ms-settings:recovery,Update & Security - Recovery.url
Update & Security,Launch Security Key Enrollment,ms-settings:signinoptions-launchsecuritykeyenrollment,Update & Security - Launch Security Key Enrollment.url
Update & Security,Troubleshoot,ms-settings:troubleshoot,Update & Security - Troubleshoot.url
Update & Security,Windows Security,ms-settings:windowsdefender,Update & Security - Windows Security.url
Update & Security,Windows Insider Program,ms-settings:windowsinsider,Update & Security - Windows Insider Program.url
Update & Security,Windows Update,ms-settings:windowsupdate,Update & Security - Windows Update.url
Update & Security,Windows Update-Active hours,ms-settings:windowsupdate-activehours,Update & Security - Windows Update-Active hours.url
Update & Security,Windows Update-Advanced options,ms-settings:windowsupdate-options,Update & Security - Windows Update-Advanced options.url
Update & Security,Windows Update-Optional updates,ms-settings:windowsupdate-optionalupdates,Update & Security - Windows Update-Optional updates.url
Update & Security,Windows Update-Restart options,ms-settings:windowsupdate-restartoptions,Update & Security - Windows Update-Restart options.url
Update & Security,Windows Update-Seeker on demand,ms-settings:windowsupdate-seekerondemand,Update & Security - Windows Update-Seeker on demand.url
Update & Security,Windows Update-View update history,ms-settings:windowsupdate-history,Update & Security - Windows Update-View update history.url
User Accounts,Provisioning,ms-settings:workplace-provisioning,User Accounts - Provisioning.url
User Accounts,Repair token,ms-settings:workplace-repairtoken,User Accounts - Repair token.url
User Accounts,Provisioning,ms-settings:provisioning,User Accounts - Provisioning (1).url
User Accounts,Windows Anywhere,ms-settings:windowsanywhere,User Accounts - Windows Anywhere.url
