File,FunctionalDescription,URI,Category,Setting
Join leave Azure AD MDM; sync device policies and access organizational resources.url,Join leave Azure AD MDM; sync device policies and access organizational resources,ms-settings:workplace,Accounts,Access work or school
Add remove Microsoft and work school accounts and app sign-in.url,Add remove Microsoft and work school accounts and app sign-in,ms-settings:emailandaccounts,Accounts,Email & app accounts
Add non family local Microsoft accounts and set account type permissions.url,Add non family local Microsoft accounts and set account type permissions,ms-settings:otherusers,Accounts,Family & other people
Set up kiosk (single-app) mode.url,Set up kiosk (single-app) mode,ms-settings:assignedaccess,Accounts,Set up a kiosk
"Configure Windows Hello (face fingerprint), PIN password, security key, and policies.url","Configure Windows Hello (face fingerprint), PIN password, security key, and policies",ms-settings:signinoptions,Accounts,Sign-in options
"Enable disable sync for theme, passwords, and settings.url","Enable disable sync for theme, passwords, and settings",ms-settings:sync,Accounts,Sync your settings
Configure operational settings and policies for Windows Hello setup.url,Configure operational settings and policies for Windows Hello setup,ms-settings:signinoptions-launchfaceenrollment,Accounts,Windows Hello setup
"View account type, profile photo, and sign-in details.url","View account type, profile photo, and sign-in details",ms-settings:yourinfo,Accounts,Your info
Uninstall move repair apps and view sizes.url,Uninstall move repair apps and view sizes,ms-settings:appsfeatures,Apps,Apps & Features
Map web links to installed apps for supported domains.url,Map web links to installed apps for supported domains,ms-settings:appsforwebsites,Apps,Apps for websites
"Set default apps by file type, protocol, and link type.url","Set default apps by file type, protocol, and link type",ms-settings:defaultapps,Apps,Default apps
Install remove optional Windows components and language features.url,Install remove optional Windows components and language features,ms-settings:optionalfeatures,Apps,Manage optional features
Download update remove offline maps and choose storage.url,Download update remove offline maps and choose storage,ms-settings:maps,Apps,Offline Maps
Enable disable startup entries and view per app startup impact.url,Enable disable startup entries and view per app startup impact,ms-settings:startupapps,Apps,Startup apps
"Adjust HDR streaming, processing, and battery optimization for video.url","Adjust HDR streaming, processing, and battery optimization for video",ms-settings:videoplayback,Apps,Video playback
Configure technical parameters and operational preferences for control center.url,Configure technical parameters and operational preferences for control center,ms-settings:controlcenter,Control Center,Control center
Configure operational settings and policies for Cortana across my devices.url,Configure operational settings and policies for Cortana across my devices,ms-settings:cortana-notifications,Cortana,Cortana across my devices
Configure technical parameters and operational preferences for more details.url,Configure technical parameters and operational preferences for more details,ms-settings:cortana-moredetails,Cortana,More details
Configure technical parameters and operational preferences for permissions history.url,Configure technical parameters and operational preferences for permissions   history,ms-settings:cortana-permissions,Cortana,Permissions & History
Configure Windows search permissions and Microsoft account content access.url,Configure Windows search permissions and Microsoft account content access,ms-settings:cortana-windowssearch,Cortana,Searching Windows
Configure technical parameters and operational preferences for talk to cortana.url,Configure technical parameters and operational preferences for talk to cortana,ms-settings:cortana,Cortana,Talk to Cortana
Set default actions for USB media insertion.url,Set default actions for USB media insertion,ms-settings:autoplay,Devices,AutoPlay
Manage Bluetooth connectivity and paired device configurations.url,Manage Bluetooth connectivity and paired device configurations,ms-settings:bluetooth,Devices,Bluetooth
Configure technical parameters and operational preferences for connected devices.url,Configure technical parameters and operational preferences for connected devices,ms-set,Devices,Connected Devices
Configure technical parameters and operational preferences for camera settings.url,Configure technical parameters and operational preferences for camera settings,ms-settings:camera,Devices,Camera settings
Configure operational settings and policies for Mouse & touchpad.url,Configure operational settings and policies for Mouse & touchpad,ms-settings:mousetouchpad,Devices,Mouse & touchpad
"Configure pen shortcuts, handwriting, and sensitivity.url","Configure pen shortcuts, handwriting, and sensitivity",ms-settings:pen,Devices,Pen & Windows Ink
Add remove printers scanners and manage queues properties.url,Add remove printers scanners and manage queues properties,ms-settings:printers,Devices,Printers & scanners
Manage connected devices and peripheral configuration settings (devices-touch).url,Manage connected devices and peripheral configuration settings (devices-touch),ms-settings:devices-touch,Devices,Touch
Manage connected devices and peripheral configuration settings (devices-touchpad).url,Manage connected devices and peripheral configuration settings (devices-touchpad),ms-settings:devices-touchpad,Devices,Touchpad
Manage connected devices and peripheral configuration settings (devicestyping-hwkbtextsuggestions).url,Manage connected devices and peripheral configuration settings (devicestyping-hwkbtextsuggestions),ms-settings:devicestyping-hwkbtextsuggestions,Devices,Text Suggestions
"Configure autocorrect, highlight misspellings, text suggestions, and touch keyboard behavior.url","Configure autocorrect, highlight misspellings, text suggestions, and touch keyboard behavior",ms-settings:typing,Devices,Typing
Configure technical parameters and operational preferences for usb.url,Configure technical parameters and operational preferences for usb,ms-settings:usb,Devices,USB
Configure technical parameters and operational preferences for wheel.url,Configure technical parameters and operational preferences for wheel,ms-settings:wheel,Devices,Wheel
Manage connected devices and peripheral configuration settings (mobile-devices).url,Manage connected devices and peripheral configuration settings (mobile-devices),ms-settings:mobile-devices,Devices,Your phone
Configure operational settings and policies for Display.url,Configure operational settings and policies for Display,ms-settings:easeofaccess-display,Ease Of Access,Display
Enable Eye Control and calibrate input for supported devices.url,Enable Eye Control and calibrate input for supported devices,ms-settings:easeofaccess-eyecontrol,Ease Of Access,Eye control
"Install, preview, and remove fonts.url","Install, preview, and remove fonts",ms-settings:fonts,Ease Of Access,Fonts
Enable and edit high-contrast (contrast) themes.url,Enable and edit high-contrast (contrast) themes,ms-settings:easeofaccess-highcontrast,Ease Of Access,High contrast
Configure operational settings and policies for Keyboard.url,Configure operational settings and policies for Keyboard,ms-settings:easeofaccess-keyboard,Ease Of Access,Keyboard
"Enable Magnifier and set zoom, tracking, and view modes.url","Enable Magnifier and set zoom, tracking, and view modes",ms-settings:easeofaccess-magnifier,Ease Of Access,Magnifier
Configure operational settings and policies for Mouse.url,Configure operational settings and policies for Mouse,ms-settings:easeofaccess-mouse,Ease Of Access,Mouse
Configure operational settings and policies for Mouse pointer & touch.url,Configure operational settings and policies for Mouse pointer & touch,ms-settings:easeofaccess-mousepointer,Ease Of Access,Mouse pointer & touch
"Enable Narrator and configure voice, verbosity, and key bindings.url","Enable Narrator and configure voice, verbosity, and key bindings",ms-settings:easeofaccess-narrator,Ease Of Access,Narrator
Configure technical parameters and operational preferences for color filters.url,Configure technical parameters and operational preferences for color filters,ms-settings:easeofaccess-colorfilte,Ease Of Access,Color filters
Configure technical parameters and operational preferences for speech.url,Configure technical parameters and operational preferences for speech,ms-settings:easeofaccess-speechrecognition,Ease Of Access,Speech
Configure technical parameters and operational preferences for text cursor.url,Configure technical parameters and operational preferences for text cursor,ms-settings:easeofaccess-cursor,Ease Of Access,Text cursor
Configure technical parameters and operational preferences for visual effects.url,Configure technical parameters and operational preferences for visual effects,ms-settings:easeofaccess-visualeffects,Ease Of Access,Visual Effects
Configure technical parameters and operational preferences for audio.url,Configure technical parameters and operational preferences for audio,ms-settings:easeofaccess-audio,Ease Of Access,Audio
"Customize caption font, size, color, and background.url","Customize caption font, size, color, and background",ms-settings:easeofaccess-closedcaptioning,Ease Of Access,Closed captions
Configure technical parameters and operational preferences for extras.url,Configure technical parameters and operational preferences for extras,ms-settings:extras,Extras,Extras
Configure operational settings and policies for Family.url,Configure operational settings and policies for Family,ms-settings:family-group,Family,Family
"Enable configure Xbox Game Bar shortcuts, widgets, and overlay.url","Enable configure Xbox Game Bar shortcuts, widgets, and overlay",ms-settings:gaming-gamebar,Gaming,Game bar
Configure operational settings and policies for Game DVR.url,Configure operational settings and policies for Game DVR,ms-settings:gaming-gamedvr,Gaming,Game DVR
Toggle Game Mode to prioritize gaming performance.url,Toggle Game Mode to prioritize gaming performance,ms-settings:gaming-gamemode,Gaming,Game Mode
Configure operational settings and policies for Playing a game full screen.url,Configure operational settings and policies for Playing a game full screen,ms-settings:quietmomentsgame,Gaming,Playing a game full screen
Configure technical parameters and operational preferences for audio and speech.url,Configure technical parameters and operational preferences for audio and speech,ms-settings:holographic-audio,Mixed Reality,Audio and speech
Manage per feature app privacy permissions and diagnostic data policies (privacy-holographic-environment).url,Manage per feature app privacy permissions and diagnostic data policies (privacy-holographic-environment),ms-settings:privacy-holographic-environment,Mixed Reality,Environment
Configure technical parameters and operational preferences for headset display.url,Configure technical parameters and operational preferences for headset display,ms-settings:holographic-headset,Mixed Reality,Headset display
Configure technical parameters and operational preferences for uninstall.url,Configure technical parameters and operational preferences for uninstall,ms-settings:holographic-management,Mixed Reality,Uninstall
Configure operational settings and policies for Startup and desktop.url,Configure operational settings and policies for Startup and desktop,ms-settings:holographic-startupandesktop,Mixed Reality,Startup and desktop
"Edit IP DNS properties, manage network profiles, and connect to wireless or wired networks (network-status).url","Edit IP DNS properties, manage network profiles, and connect to wireless or wired networks (network-status)",ms-settings:network-status,Network & Internet,Network & internet
"Edit IP DNS properties, manage network profiles, and connect to wireless or wired networks (network-advancedsettings).url","Edit IP DNS properties, manage network profiles, and connect to wireless or wired networks (network-advancedsettings)",ms-settings:network-advancedsettings,Network & Internet,Advanced settings
Toggle airplane mode and radio controls.url,Toggle airplane mode and radio controls,ms-settings:network-airplanemode,Network & Internet,Airplane mode
"Configure cellular data, SIM eSIM profiles, roaming, and limits.url","Configure cellular data, SIM eSIM profiles, roaming, and limits",ms-settings:network-cellular,Network & Internet,Cellular & SIM
"Edit IP DNS properties, manage network profiles, and connect to wireless or wired networks (network-dialup).url","Edit IP DNS properties, manage network profiles, and connect to wireless or wired networks (network-dialup)",ms-settings:network-dialup,Network & Internet,Dial-up
"Edit IP DNS properties, manage network profiles, and connect to wireless or wired networks (network-directaccess).url","Edit IP DNS properties, manage network profiles, and connect to wireless or wired networks (network-directaccess)",ms-settings:network-directaccess,Network & Internet,DirectAccess
"Edit Ethernet IP DNS settings, metered profile, and adapter properties.url","Edit Ethernet IP DNS settings, metered profile, and adapter properties",ms-settings:network-ethernet,Network & Internet,Ethernet
"Edit IP DNS properties, manage network profiles, and connect to wireless or wired networks (network-wifisettings).url","Edit IP DNS properties, manage network profiles, and connect to wireless or wired networks (network-wifisettings)",ms-settings:network-wifisettings,Network & Internet,Manage known networks
Share internet via Wi-Fi Bluetooth and set SSID password and power options.url,Share internet via Wi-Fi Bluetooth and set SSID password and power options,ms-settings:network-mobilehotspot,Network & Internet,Mobile hotspot
Configure automatic script or manual proxy server settings.url,Configure automatic script or manual proxy server settings,ms-settings:network-proxy,Network & Internet,Proxy
"Create, edit, and connect to VPN profiles.url","Create, edit, and connect to VPN profiles",ms-settings:network-vpn,Network & Internet,VPN
"Edit IP DNS properties, manage network profiles, and connect to wireless or wired networks (network-wifi).url","Edit IP DNS properties, manage network profiles, and connect to wireless or wired networks (network-wifi)",ms-settings:network-wifi,Network & Internet,Wi-Fi
"Edit IP DNS properties, manage network profiles, and connect to wireless or wired networks (wifi-provisioning).url","Edit IP DNS properties, manage network profiles, and connect to wireless or wired networks (wifi-provisioning)",ms-settings:wifi-provisioning,Network & Internet,Wi-Fi provisioning
"Adjust themes, colors, backgrounds, and shell layout preferences (personalization-background).url","Adjust themes, colors, backgrounds, and shell layout preferences (personalization-background)",ms-settings:personalization-background,Personalization,Background
"Adjust themes, colors, backgrounds, and shell layout preferences (personalization-start-places).url","Adjust themes, colors, backgrounds, and shell layout preferences (personalization-start-places)",ms-settings:personalization-start-places,Personalization,Choose which folders appear on Start
"Choose light dark mode, accent color, and transparency.url","Choose light dark mode, accent color, and transparency",ms-settings:colors,Personalization,Colors
Set lock screen background and quick status apps.url,Set lock screen background and quick status apps,ms-settings:lockscreen,Personalization,Lock screen
"Customize overall appearance including themes, colors, Start, and taskbar.url","Customize overall appearance including themes, colors, Start, and taskbar",ms-settings:personalization,Personalization,Personalization (category)
"Adjust themes, colors, backgrounds, and shell layout preferences (personalization-start).url","Adjust themes, colors, backgrounds, and shell layout preferences (personalization-start)",ms-settings:personalization-start,Personalization,Start
"Toggle taskbar items, set alignment behavior, and control system tray icon visibility (taskbar).url","Toggle taskbar items, set alignment behavior, and control system tray icon visibility (taskbar)",ms-settings:taskbar,Personalization,Taskbar
"Customize touch keyboard theme, size, and options.url","Customize touch keyboard theme, size, and options",ms-settings:personalization-touchkeyboard,Personalization,Touch Keyboard
Apply manage themes; save or install new themes.url,Apply manage themes; save or install new themes,ms-settings:themes,Personalization,Themes
Manage connected devices and peripheral configuration settings (deviceusage).url,Manage connected devices and peripheral configuration settings (deviceusage),ms-settings:deviceusage,Phone,Device Usage
Allow deny app access to Account info (name picture identifier).url,Allow deny app access to Account info (name picture identifier),ms-settings:privacy-accountinfo,Privacy,Account info
Manage per feature app privacy permissions and diagnostic data policies (privacy-activityhistory).url,Manage per feature app privacy permissions and diagnostic data policies (privacy-activityhistory),ms-settings:privacy-activityhistory,Privacy,Activity history
Manage per feature app privacy permissions and diagnostic data policies (privacy-appdiagnostics).url,Manage per feature app privacy permissions and diagnostic data policies (privacy-appdiagnostics),ms-settings:privacy-appdiagnostics,Privacy,App diagnostics
Manage per feature app privacy permissions and diagnostic data policies (privacy-automaticfiledownloads).url,Manage per feature app privacy permissions and diagnostic data policies (privacy-automaticfiledownloads),ms-settings:privacy-automaticfiledownloads,Privacy,Automatic file downloads
Choose which apps can run in background; manage power throttling policy.url,Choose which apps can run in background; manage power throttling policy,ms-settings:privacy-backgroundapps,Privacy,Background Apps
Manage per feature app privacy permissions and diagnostic data policies (privacy-backgroundspatialperception).url,Manage per feature app privacy permissions and diagnostic data policies (privacy-backgroundspatialperception),ms-settings:privacy-backgroundspatialperception,Privacy,Background Spatial Perception
Allow deny app access to Calendar and manage per app permissions.url,Allow deny app access to Calendar and manage per app permissions,ms-settings:privacy-calendar,Privacy,Calendar
Allow deny app access to Call history and manage per app permissions.url,Allow deny app access to Call history and manage per app permissions,ms-settings:privacy-callhistory,Privacy,Call history
Manage per feature app privacy permissions and diagnostic data policies (privacy-webcam).url,Manage per feature app privacy permissions and diagnostic data policies (privacy-webcam),ms-settings:privacy-webcam,Privacy,Camera
Allow deny app access to Contacts and manage per app permissions.url,Allow deny app access to Contacts and manage per app permissions,ms-settings:privacy-contacts,Privacy,Contacts
Allow deny app access to Documents library; set per app permissions.url,Allow deny app access to Documents library; set per app permissions,ms-settings:privacy-documents,Privacy,Documents
Manage per feature app privacy permissions and diagnostic data policies (privacy-downloadsfolder).url,Manage per feature app privacy permissions and diagnostic data policies (privacy-downloadsfolder),ms-settings:privacy-downloadsfolder,Privacy,Downloads folder
Allow deny app access to Email; manage per app permissions.url,Allow deny app access to Email; manage per app permissions,ms-settings:privacy-email,Privacy,Email
Manage per feature app privacy permissions and diagnostic data policies (privacy-eyetracker (requires eyetracker hardware)).url,Manage per feature app privacy permissions and diagnostic data policies (privacy-eyetracker (requires eyetracker hardware)),ms-settings:privacy-eyetracker (requires eyetracker hardware),Privacy,Eye tracker
Set diagnostic data level (where applicable) and feedback frequency preferences.url,Set diagnostic data level (where applicable) and feedback frequency preferences,ms-settings:privacy-feedback,Privacy,Feedback & diagnostics
Grant deny broad file system access capability to apps.url,Grant deny broad file system access capability to apps,ms-settings:privacy-broadfilesystemaccess,Privacy,File system
Review global privacy settings; jump to per permission pages (camera mic location etc).url,Review global privacy settings; jump to per permission pages (camera mic location etc),ms-settings:privacy,Privacy,General
"Configure advertising ID, app launch tracking, and suggested content toggles.url","Configure advertising ID, app launch tracking, and suggested content toggles",ms-settings:privacy-general,Privacy,General
Manage per feature app privacy permissions and diagnostic data policies (privacy-graphicscaptureprogrammatic).url,Manage per feature app privacy permissions and diagnostic data policies (privacy-graphicscaptureprogrammatic),ms-settings:privacy-graphicscaptureprogrammatic,Privacy,Graphics
Manage per feature app privacy permissions and diagnostic data policies (privacy-speechtyping).url,Manage per feature app privacy permissions and diagnostic data policies (privacy-speechtyping),ms-settings:privacy-speechtyping,Privacy,Inking & typing
"Enable device location, set per app permissions, clear history, and default location.url","Enable device location, set per app permissions, clear history, and default location",ms-settings:privacy-location,Privacy,Location
Allow deny app access to Messaging; manage per app permissions.url,Allow deny app access to Messaging; manage per app permissions,ms-settings:privacy-messaging,Privacy,Messaging
Allow deny microphone access for Windows and apps; set per app mic permissions.url,Allow deny microphone access for Windows and apps; set per app mic permissions,ms-settings:privacy-microphone,Privacy,Microphone
Manage per feature app privacy permissions and diagnostic data policies (privacy-motion).url,Manage per feature app privacy permissions and diagnostic data policies (privacy-motion),ms-settings:privacy-motion,Privacy,Motion
Manage per feature app privacy permissions and diagnostic data policies (privacy-musiclibrary).url,Manage per feature app privacy permissions and diagnostic data policies (privacy-musiclibrary),ms-settings:privacy-musiclibrary,Privacy,Music Library
Allow deny app access to notifications and per app permissions.url,Allow deny app access to notifications and per app permissions,ms-settings:privacy-notifications,Privacy,Notifications
Manage per feature app privacy permissions and diagnostic data policies (privacy-customdevices).url,Manage per feature app privacy permissions and diagnostic data policies (privacy-customdevices),ms-settings:privacy-customdevices,Privacy,Other devices
Manage per feature app privacy permissions and diagnostic data policies (privacy-phonecalls).url,Manage per feature app privacy permissions and diagnostic data policies (privacy-phonecalls),ms-settings:privacy-phonecalls,Privacy,Phone calls
Allow deny app access to Pictures library; set per app permissions.url,Allow deny app access to Pictures library; set per app permissions,ms-settings:privacy-pictures,Privacy,Pictures
Control app access to radios (Bluetooth etc) and background radio usage.url,Control app access to radios (Bluetooth etc) and background radio usage,ms-settings:privacy-radios,Privacy,Radios
Manage online speech recognition and voice data collection.url,Manage online speech recognition and voice data collection,ms-settings:privacy-speech,Privacy,Speech
Manage per feature app privacy permissions and diagnostic data policies (privacy-tasks).url,Manage per feature app privacy permissions and diagnostic data policies (privacy-tasks),ms-settings:privacy-tasks,Privacy,Tasks
Allow deny app access to Videos library; set per app permissions.url,Allow deny app access to Videos library; set per app permissions,ms-settings:privacy-videos,Privacy,Videos
Manage per feature app privacy permissions and diagnostic data policies (privacy-voice).url,Manage per feature app privacy permissions and diagnostic data policies (privacy-voice),ms-settings:privacy-voice,Privacy,Voice activation
Configure search permissions history and SafeSearch; manage cloud content access.url,Configure search permissions history and SafeSearch; manage cloud content access,ms-settings:search,Search,Search
"Configure search indexing scope, SafeSearch, history, and cloud content permissions.url","Configure search indexing scope, SafeSearch, history, and cloud content permissions",ms-settings:search-moredetails,Search,Search more details
"Set SafeSearch level, search history, and Microsoft account cloud content.url","Set SafeSearch level, search history, and Microsoft account cloud content",ms-settings:search-permissions,Search,Search Permissions
Configure technical parameters and operational preferences for accounts.url,Configure technical parameters and operational preferences for accounts,ms-settings:surfacehub-accounts,Surface Hub,Accounts
Configure technical parameters and operational preferences for session cleanup.url,Configure technical parameters and operational preferences for session cleanup,ms-settings:surfacehub-sessioncleanup,Surface Hub,Session cleanup
Configure technical parameters and operational preferences for team conferencing.url,Configure technical parameters and operational preferences for team conferencing,ms-settings:surfacehub-calling,Surface Hub,Team Conferencing
Manage connected devices and peripheral configuration settings (surfacehub-devicemanagenent).url,Manage connected devices and peripheral configuration settings (surfacehub-devicemanagenent),ms-settings:surfacehub-devicemanagenent,Surface Hub,Team device management
Configure technical parameters and operational preferences for welcome screen.url,Configure technical parameters and operational preferences for welcome screen,ms-settings:surfacehub-welcome,Surface Hub,Welcome screen
"Display device specs, Windows edition, rename PC, and related links.url","Display device specs, Windows edition, rename PC, and related links",ms-settings:about,System,About
Configure operational settings and policies for Advanced display settings.url,Configure operational settings and policies for Advanced display settings,ms-settings:display-advanced,System,Advanced display settings
Configure technical parameters and operational preferences for app volume and device preferences.url,Configure technical parameters and operational preferences for app volume and device preferences,ms-settings:apps-volume,System,App volume and device preferences
Configure operational settings and policies for Battery Saver.url,Configure operational settings and policies for Battery Saver,ms-settings:batterysaver,System,Battery Saver
Configure operational settings and policies for Battery Saver settings.url,Configure operational settings and policies for Battery Saver settings,ms-settings:batterysaver-settings,System,Battery Saver settings
Configure operational settings and policies for Battery use.url,Configure operational settings and policies for Battery use,ms-settings:batterysaver-usagedetails,System,Battery use
"Enable clipboard history, sync, and clear clipboard data.url","Enable clipboard history, sync, and clear clipboard data",ms-settings:clipboard,System,Clipboard
"Configure resolution, scaling, refresh rate, orientation, HDR, and multi monitor layout.url","Configure resolution, scaling, refresh rate, orientation, HDR, and multi monitor layout",ms-settings:display,System,Display
Configure technical parameters and operational preferences for default save locations.url,Configure technical parameters and operational preferences for default save locations,ms-settings:savelocations,System,Default Save Locations
Configure technical parameters and operational preferences for display.url,Configure technical parameters and operational preferences for display,ms-settings:screenrotation,System,Display
Configure technical parameters and operational preferences for duplicating my display.url,Configure technical parameters and operational preferences for duplicating my display,ms-settings:quietmomentspresentation,System,Duplicating my display
Configure technical parameters and operational preferences for during these hours.url,Configure technical parameters and operational preferences for during these hours,ms-settings:quietmomentsscheduled,System,During these hours
Enable disable device encryption and manage recovery keys.url,Enable disable device encryption and manage recovery keys,ms-settings:deviceencryption,System,Encryption
Configure technical parameters and operational preferences for energy recommendatations.url,Configure technical parameters and operational preferences for energy recommendatations,ms-settings:energyrecommendations,System,Energy recommendatations
Configure technical parameters and operational preferences for focus assist.url,Configure technical parameters and operational preferences for focus assist,ms-settings:quiethours,System,Focus assist
Configure operational settings and policies for Graphics Settings.url,Configure operational settings and policies for Graphics Settings,ms-settings:display-advancedgraphic,System,Graphics Settings
Configure operational settings and policies for Graphics Default Settings.url,Configure operational settings and policies for Graphics Default Settings,ms-settings:display-advancedgraphics-default,System,Graphics Default Settings
"Configure Snap layouts, virtual desktops, and Alt+Tab behavior.url","Configure Snap layouts, virtual desktops, and Alt+Tab behavior",ms-settings:multitasking,System,Multitasking
"Enable Night light, set schedule, and adjust color temperature.url","Enable Night light, set schedule, and adjust color temperature",ms-settings:nightlight,System,Night light settings
"Configure wireless display projection, pairing, and availability.url","Configure wireless display projection, pairing, and availability",ms-settings:project,System,Projecting to this PC
Manage connected devices and peripheral configuration settings (crossdevice).url,Manage connected devices and peripheral configuration settings (crossdevice),ms-settings:crossdevice,System,Shared experiences
"Enable disable notifications per app, banners sounds, priority, and do not disturb rules.url","Enable disable notifications per app, banners sounds, priority, and do not disturb rules",ms-settings:notifications,System,Notifications & actions
Enable Remote Desktop and manage user device access.url,Enable Remote Desktop and manage user device access,ms-settings:remotedesktop,System,Remote Desktop
"Adjust screen timeout, sleep behavior, and power mode.url","Adjust screen timeout, sleep behavior, and power mode",ms-settings:powersleep,System,Power & sleep
Configure technical parameters and operational preferences for presence sensing.url,Configure technical parameters and operational preferences for presence sensing,ms-settings:presence,System,Presence sensing
"Select playback recording devices, adjust volumes, and open device properties.url","Select playback recording devices, adjust volumes, and open device properties",ms-settings:sound,System,Sound
"Enable disable audio devices and edit formats, levels, and defaults.url","Enable disable audio devices and edit formats, levels, and defaults",ms-settings:sound-devices,System,Sound devices
Enable and schedule automatic cleanup of temporary and unused files.url,Enable and schedule automatic cleanup of temporary and unused files,ms-settings:storagesense,System,Storage
Configure operational settings and policies for Storage Sense.url,Configure operational settings and policies for Storage Sense,ms-settings:storagepolicies,System,Storage Sense
Configure operational settings and policies for Storage recommendations.url,Configure operational settings and policies for Storage recommendations,ms-settings:storagerecommendations,System,Storage recommendations
Configure technical parameters and operational preferences for disks volumes.url,Configure technical parameters and operational preferences for disks   volumes,ms-settings:disksandvolumes,System,Disks & volumes
"Set sync time, time zone, and clock format.url","Set sync time, time zone, and clock format",ms-settings:dateandtime,Time & Language,Date & time
"Modify regional preferences for date, time, and number formatting.url","Modify regional preferences for date, time, and number formatting",ms-settings:regionformatting,Time & Language,Region
Configure Sticky Toggle Filter Keys and repeat rate delay; enable shortcut toggles.url,Configure Sticky Toggle Filter Keys and repeat rate delay; enable shortcut toggles,ms-settings:keyboard,Time & Language,Language
"Select speech language, install voices, and configure online recognition dictation.url","Select speech language, install voices, and configure online recognition dictation",ms-settings:speech,Time & Language,Speech
Add remove languages and configure regional formats and input methods (regionlanguage-adddisplaylanguage).url,Add remove languages and configure regional formats and input methods (regionlanguage-adddisplaylanguage),ms-settings:regionlanguage-adddisplaylanguage,Time & Language,Add display language
Add remove display input languages and regional formats.url,Add remove display input languages and regional formats,ms-settings:regionlanguage-languageoptions,Time & Language,Language options
Add remove languages and configure regional formats and input methods (regionlanguage-setdisplaylanguage).url,Add remove languages and configure regional formats and input methods (regionlanguage-setdisplaylanguage),ms-settings:regionlanguage-setdisplaylanguage,Time & Language,Set display language
"View activation state, change product key, and troubleshoot licensing.url","View activation state, change product key, and troubleshoot licensing",ms-settings:activation,Update & Security,Activation
Set up and manage backup options using OneDrive or File History.url,Set up and manage backup options using OneDrive or File History,ms-settings:backup,Update & Security,Backup
Configure P2P update delivery and bandwidth limits.url,Configure P2P update delivery and bandwidth limits,ms-settings:delivery-optimization,Update & Security,Delivery Optimization
Enable disable device location saving for recovery.url,Enable disable device location saving for recovery,ms-settings:findmydevice,Update & Security,Find My Device
"Enable Developer Mode, sideloading, Device Portal, and SSH options.url","Enable Developer Mode, sideloading, Device Portal, and SSH options",ms-settings:developers,Update & Security,For developers
"Reset PC, access advanced startup, and restore reinstall options.url","Reset PC, access advanced startup, and restore reinstall options",ms-settings:recovery,Update & Security,Recovery
"Access Windows Security controls for antivirus, firewall, and protection features.url","Access Windows Security controls for antivirus, firewall, and protection features",ms-settings:signinoptions-launchsecuritykeyenrollment,Update & Security,Launch Security Key Enrollment
Run troubleshooters and view recommendations history.url,Run troubleshooters and view recommendations history,ms-settings:troubleshoot,Update & Security,Troubleshoot
Configure technical parameters and operational preferences for windows security.url,Configure technical parameters and operational preferences for windows security,ms-settings:windowsdefender,Update & Security,Windows Security
Join manage Insider channels and stop preview builds.url,Join manage Insider channels and stop preview builds,ms-settings:windowsinsider,Update & Security,Windows Insider Program
"Check for, download, and install Windows updates; pause and schedule restarts.url","Check for, download, and install Windows updates; pause and schedule restarts",ms-settings:windowsupdate,Update & Security,Windows Update
"Check for and manage Windows updates, schedules, notifications, and history (windowsupdate-activehours).url","Check for and manage Windows updates, schedules, notifications, and history (windowsupdate-activehours)",ms-settings:windowsupdate-activehours,Update & Security,Windows Update-Active hours
"Check for and manage Windows updates, schedules, notifications, and history (windowsupdate-options).url","Check for and manage Windows updates, schedules, notifications, and history (windowsupdate-options)",ms-settings:windowsupdate-options,Update & Security,Windows Update-Advanced options
"Check for and manage Windows updates, schedules, notifications, and history (windowsupdate-optionalupdates).url","Check for and manage Windows updates, schedules, notifications, and history (windowsupdate-optionalupdates)",ms-settings:windowsupdate-optionalupdates,Update & Security,Windows Update-Optional updates
Set active hours and custom restart times for update restarts.url,Set active hours and custom restart times for update restarts,ms-settings:windowsupdate-restartoptions,Update & Security,Windows Update-Restart options
"Check for and manage Windows updates, schedules, notifications, and history (windowsupdate-seekerondemand).url","Check for and manage Windows updates, schedules, notifications, and history (windowsupdate-seekerondemand)",ms-settings:windowsupdate-seekerondemand,Update & Security,Windows Update-Seeker on demand
"View installed updates, driver installs, and uninstall options.url","View installed updates, driver installs, and uninstall options",ms-settings:windowsupdate-history,Update & Security,Windows Update-View update history
Configure operational settings and policies for Provisioning.url,Configure operational settings and policies for Provisioning,ms-settings:workplace-provisioning,User Accounts,Provisioning
Configure operational settings and policies for Repair token.url,Configure operational settings and policies for Repair token,ms-settings:workplace-repairtoken,User Accounts,Repair token
